<?xml version="1.0" encoding="UTF-8"?>
<config xmlns="http://www.knime.org/2008/09/XMLConfig" xmlns:xsi="http://www.w3.org/2001/XMLSchema-instance" xsi:schemaLocation="http://www.knime.org/2008/09/XMLConfig http://www.knime.org/XMLConfig_2008_09.xsd" key="MiningSchema">
    <config key="learning">
        <entry key="array-size" type="xint" value="70"/>
        <entry key="0" type="xstring" value="latitude"/>
        <entry key="1" type="xstring" value="longitude"/>
        <entry key="2" type="xstring" value="minimum_nights"/>
        <entry key="3" type="xstring" value="number_of_reviews"/>
        <entry key="4" type="xstring" value="reviews_per_month"/>
        <entry key="5" type="xstring" value="calculated_host_listings_count"/>
        <entry key="6" type="xstring" value="availability_365"/>
        <entry key="7" type="xstring" value="Brooklyn_neighbourhood_group"/>
        <entry key="8" type="xstring" value="Manhattan_neighbourhood_group"/>
        <entry key="9" type="xstring" value="Queens_neighbourhood_group"/>
        <entry key="10" type="xstring" value="Staten Island_neighbourhood_group"/>
        <entry key="11" type="xstring" value="Bronx_neighbourhood_group"/>
        <entry key="12" type="xstring" value="Private room_room_type"/>
        <entry key="13" type="xstring" value="Entire home/apt_room_type"/>
        <entry key="14" type="xstring" value="Shared room_room_type"/>
        <entry key="15" type="xstring" value="Bin 1_minimum_nights [Binned]"/>
        <entry key="16" type="xstring" value="Bin 2_minimum_nights [Binned]"/>
        <entry key="17" type="xstring" value="Bin 3_minimum_nights [Binned]"/>
        <entry key="18" type="xstring" value="Bin 4_minimum_nights [Binned]"/>
        <entry key="19" type="xstring" value="Bin 5_minimum_nights [Binned]"/>
        <entry key="20" type="xstring" value="Bin 6_minimum_nights [Binned]"/>
        <entry key="21" type="xstring" value="Bin 7_minimum_nights [Binned]"/>
        <entry key="22" type="xstring" value="Bin 8_minimum_nights [Binned]"/>
        <entry key="23" type="xstring" value="Bin 9_minimum_nights [Binned]"/>
        <entry key="24" type="xstring" value="Bin 10_minimum_nights [Binned]"/>
        <entry key="25" type="xstring" value="Bin 11_minimum_nights [Binned]"/>
        <entry key="26" type="xstring" value="Bin 1_number_of_reviews [Binned]"/>
        <entry key="27" type="xstring" value="Bin 2_number_of_reviews [Binned]"/>
        <entry key="28" type="xstring" value="Bin 3_number_of_reviews [Binned]"/>
        <entry key="29" type="xstring" value="Bin 4_number_of_reviews [Binned]"/>
        <entry key="30" type="xstring" value="Bin 5_number_of_reviews [Binned]"/>
        <entry key="31" type="xstring" value="Bin 6_number_of_reviews [Binned]"/>
        <entry key="32" type="xstring" value="Bin 7_number_of_reviews [Binned]"/>
        <entry key="33" type="xstring" value="Bin 8_number_of_reviews [Binned]"/>
        <entry key="34" type="xstring" value="Bin 9_number_of_reviews [Binned]"/>
        <entry key="35" type="xstring" value="Bin 10_number_of_reviews [Binned]"/>
        <entry key="36" type="xstring" value="Bin 11_number_of_reviews [Binned]"/>
        <entry key="37" type="xstring" value="Bin 1_reviews_per_month [Binned]"/>
        <entry key="38" type="xstring" value="Bin 2_reviews_per_month [Binned]"/>
        <entry key="39" type="xstring" value="Bin 3_reviews_per_month [Binned]"/>
        <entry key="40" type="xstring" value="Bin 4_reviews_per_month [Binned]"/>
        <entry key="41" type="xstring" value="Bin 5_reviews_per_month [Binned]"/>
        <entry key="42" type="xstring" value="Bin 6_reviews_per_month [Binned]"/>
        <entry key="43" type="xstring" value="Bin 7_reviews_per_month [Binned]"/>
        <entry key="44" type="xstring" value="Bin 8_reviews_per_month [Binned]"/>
        <entry key="45" type="xstring" value="Bin 9_reviews_per_month [Binned]"/>
        <entry key="46" type="xstring" value="Bin 10_reviews_per_month [Binned]"/>
        <entry key="47" type="xstring" value="Bin 11_reviews_per_month [Binned]"/>
        <entry key="48" type="xstring" value="Bin 1_calculated_host_listings_count [Binned]"/>
        <entry key="49" type="xstring" value="Bin 2_calculated_host_listings_count [Binned]"/>
        <entry key="50" type="xstring" value="Bin 3_calculated_host_listings_count [Binned]"/>
        <entry key="51" type="xstring" value="Bin 4_calculated_host_listings_count [Binned]"/>
        <entry key="52" type="xstring" value="Bin 5_calculated_host_listings_count [Binned]"/>
        <entry key="53" type="xstring" value="Bin 6_calculated_host_listings_count [Binned]"/>
        <entry key="54" type="xstring" value="Bin 7_calculated_host_listings_count [Binned]"/>
        <entry key="55" type="xstring" value="Bin 8_calculated_host_listings_count [Binned]"/>
        <entry key="56" type="xstring" value="Bin 9_calculated_host_listings_count [Binned]"/>
        <entry key="57" type="xstring" value="Bin 10_calculated_host_listings_count [Binned]"/>
        <entry key="58" type="xstring" value="Bin 11_calculated_host_listings_count [Binned]"/>
        <entry key="59" type="xstring" value="Bin 1_availability_365 [Binned]"/>
        <entry key="60" type="xstring" value="Bin 2_availability_365 [Binned]"/>
        <entry key="61" type="xstring" value="Bin 3_availability_365 [Binned]"/>
        <entry key="62" type="xstring" value="Bin 4_availability_365 [Binned]"/>
        <entry key="63" type="xstring" value="Bin 5_availability_365 [Binned]"/>
        <entry key="64" type="xstring" value="Bin 6_availability_365 [Binned]"/>
        <entry key="65" type="xstring" value="Bin 7_availability_365 [Binned]"/>
        <entry key="66" type="xstring" value="Bin 8_availability_365 [Binned]"/>
        <entry key="67" type="xstring" value="Bin 9_availability_365 [Binned]"/>
        <entry key="68" type="xstring" value="Bin 10_availability_365 [Binned]"/>
        <entry key="69" type="xstring" value="Bin 11_availability_365 [Binned]"/>
    </config>
    <config key="target">
        <entry key="array-size" type="xint" value="1"/>
        <entry key="0" type="xstring" value="price"/>
    </config>
</config>
