<?xml version="1.0" encoding="UTF-8"?>
<config xmlns="http://www.knime.org/2008/09/XMLConfig" xmlns:xsi="http://www.w3.org/2001/XMLSchema-instance" xsi:schemaLocation="http://www.knime.org/2008/09/XMLConfig http://www.knime.org/XMLConfig_2008_09.xsd" key="model.xml">
    <entry key="version" type="xint" value="1"/>
    <entry key="class_name" type="xstring" value="org.knime.base.data.normalize.NormalizerPortObject"/>
    <config key="model">
        <config key="columns">
            <config key="latitude">
                <entry key="column_name" type="xstring" value="latitude"/>
                <entry key="column_scale" type="xdouble" value="2.4591171769334865"/>
                <entry key="column_translate" type="xdouble" value="-99.61000860691036"/>
                <entry key="column_min" type="xdouble" value="0.0"/>
                <entry key="column_max" type="xdouble" value="1.0"/>
            </config>
            <config key="longitude">
                <entry key="column_name" type="xstring" value="longitude"/>
                <entry key="column_scale" type="xdouble" value="1.8817153717328707"/>
                <entry key="column_translate" type="xdouble" value="139.70686637939139"/>
                <entry key="column_min" type="xdouble" value="0.0"/>
                <entry key="column_max" type="xdouble" value="1.0"/>
            </config>
            <config key="price">
                <entry key="column_name" type="xstring" value="price"/>
                <entry key="column_scale" type="xdouble" value="0.0038314176245210726"/>
                <entry key="column_translate" type="xdouble" value="-0.038314176245210725"/>
                <entry key="column_min" type="xdouble" value="0.0"/>
                <entry key="column_max" type="xdouble" value="1.0"/>
            </config>
            <config key="minimum_nights">
                <entry key="column_name" type="xstring" value="minimum_nights"/>
                <entry key="column_scale" type="xdouble" value="0.16666666666666666"/>
                <entry key="column_translate" type="xdouble" value="-0.16666666666666666"/>
                <entry key="column_min" type="xdouble" value="0.0"/>
                <entry key="column_max" type="xdouble" value="1.0"/>
            </config>
            <config key="number_of_reviews">
                <entry key="column_name" type="xstring" value="number_of_reviews"/>
                <entry key="column_scale" type="xdouble" value="0.016129032258064516"/>
                <entry key="column_translate" type="xdouble" value="-0.016129032258064516"/>
                <entry key="column_min" type="xdouble" value="0.0"/>
                <entry key="column_max" type="xdouble" value="1.0"/>
            </config>
            <config key="reviews_per_month">
                <entry key="column_name" type="xstring" value="reviews_per_month"/>
                <entry key="column_scale" type="xdouble" value="0.26041666666666663"/>
                <entry key="column_translate" type="xdouble" value="-0.0026041666666666665"/>
                <entry key="column_min" type="xdouble" value="0.0"/>
                <entry key="column_max" type="xdouble" value="1.0"/>
            </config>
            <config key="calculated_host_listings_count">
                <entry key="column_name" type="xstring" value="calculated_host_listings_count"/>
                <entry key="column_scale" type="xdouble" value="0.5"/>
                <entry key="column_translate" type="xdouble" value="-0.5"/>
                <entry key="column_min" type="xdouble" value="0.0"/>
                <entry key="column_max" type="xdouble" value="1.0"/>
            </config>
            <config key="availability_365">
                <entry key="column_name" type="xstring" value="availability_365"/>
                <entry key="column_scale" type="xdouble" value="0.0027397260273972603"/>
                <entry key="column_translate" type="xdouble" value="0.0"/>
                <entry key="column_min" type="xdouble" value="0.0"/>
                <entry key="column_max" type="xdouble" value="1.0"/>
            </config>
            <config key="Brooklyn_neighbourhood_group">
                <entry key="column_name" type="xstring" value="Brooklyn_neighbourhood_group"/>
                <entry key="column_scale" type="xdouble" value="1.0"/>
                <entry key="column_translate" type="xdouble" value="0.0"/>
                <entry key="column_min" type="xdouble" value="0.0"/>
                <entry key="column_max" type="xdouble" value="1.0"/>
            </config>
            <config key="Manhattan_neighbourhood_group">
                <entry key="column_name" type="xstring" value="Manhattan_neighbourhood_group"/>
                <entry key="column_scale" type="xdouble" value="1.0"/>
                <entry key="column_translate" type="xdouble" value="0.0"/>
                <entry key="column_min" type="xdouble" value="0.0"/>
                <entry key="column_max" type="xdouble" value="1.0"/>
            </config>
            <config key="Queens_neighbourhood_group">
                <entry key="column_name" type="xstring" value="Queens_neighbourhood_group"/>
                <entry key="column_scale" type="xdouble" value="1.0"/>
                <entry key="column_translate" type="xdouble" value="0.0"/>
                <entry key="column_min" type="xdouble" value="0.0"/>
                <entry key="column_max" type="xdouble" value="1.0"/>
            </config>
            <config key="Staten Island_neighbourhood_group">
                <entry key="column_name" type="xstring" value="Staten Island_neighbourhood_group"/>
                <entry key="column_scale" type="xdouble" value="1.0"/>
                <entry key="column_translate" type="xdouble" value="0.0"/>
                <entry key="column_min" type="xdouble" value="0.0"/>
                <entry key="column_max" type="xdouble" value="1.0"/>
            </config>
            <config key="Bronx_neighbourhood_group">
                <entry key="column_name" type="xstring" value="Bronx_neighbourhood_group"/>
                <entry key="column_scale" type="xdouble" value="1.0"/>
                <entry key="column_translate" type="xdouble" value="0.0"/>
                <entry key="column_min" type="xdouble" value="0.0"/>
                <entry key="column_max" type="xdouble" value="1.0"/>
            </config>
            <config key="Private room_room_type">
                <entry key="column_name" type="xstring" value="Private room_room_type"/>
                <entry key="column_scale" type="xdouble" value="1.0"/>
                <entry key="column_translate" type="xdouble" value="0.0"/>
                <entry key="column_min" type="xdouble" value="0.0"/>
                <entry key="column_max" type="xdouble" value="1.0"/>
            </config>
            <config key="Entire home/apt_room_type">
                <entry key="column_name" type="xstring" value="Entire home/apt_room_type"/>
                <entry key="column_scale" type="xdouble" value="1.0"/>
                <entry key="column_translate" type="xdouble" value="0.0"/>
                <entry key="column_min" type="xdouble" value="0.0"/>
                <entry key="column_max" type="xdouble" value="1.0"/>
            </config>
            <config key="Shared room_room_type">
                <entry key="column_name" type="xstring" value="Shared room_room_type"/>
                <entry key="column_scale" type="xdouble" value="1.0"/>
                <entry key="column_translate" type="xdouble" value="0.0"/>
                <entry key="column_min" type="xdouble" value="0.0"/>
                <entry key="column_max" type="xdouble" value="1.0"/>
            </config>
            <config key="Bin 1_minimum_nights [Binned]">
                <entry key="column_name" type="xstring" value="Bin 1_minimum_nights [Binned]"/>
                <entry key="column_scale" type="xdouble" value="1.0"/>
                <entry key="column_translate" type="xdouble" value="0.0"/>
                <entry key="column_min" type="xdouble" value="0.0"/>
                <entry key="column_max" type="xdouble" value="1.0"/>
            </config>
            <config key="Bin 2_minimum_nights [Binned]">
                <entry key="column_name" type="xstring" value="Bin 2_minimum_nights [Binned]"/>
                <entry key="column_scale" type="xdouble" value="1.0"/>
                <entry key="column_translate" type="xdouble" value="0.0"/>
                <entry key="column_min" type="xdouble" value="0.0"/>
                <entry key="column_max" type="xdouble" value="1.0"/>
            </config>
            <config key="Bin 3_minimum_nights [Binned]">
                <entry key="column_name" type="xstring" value="Bin 3_minimum_nights [Binned]"/>
                <entry key="column_scale" type="xdouble" value="1.0"/>
                <entry key="column_translate" type="xdouble" value="0.0"/>
                <entry key="column_min" type="xdouble" value="0.0"/>
                <entry key="column_max" type="xdouble" value="1.0"/>
            </config>
            <config key="Bin 4_minimum_nights [Binned]">
                <entry key="column_name" type="xstring" value="Bin 4_minimum_nights [Binned]"/>
                <entry key="column_scale" type="xdouble" value="1.0"/>
                <entry key="column_translate" type="xdouble" value="0.0"/>
                <entry key="column_min" type="xdouble" value="0.0"/>
                <entry key="column_max" type="xdouble" value="1.0"/>
            </config>
            <config key="Bin 5_minimum_nights [Binned]">
                <entry key="column_name" type="xstring" value="Bin 5_minimum_nights [Binned]"/>
                <entry key="column_scale" type="xdouble" value="1.0"/>
                <entry key="column_translate" type="xdouble" value="0.0"/>
                <entry key="column_min" type="xdouble" value="0.0"/>
                <entry key="column_max" type="xdouble" value="1.0"/>
            </config>
            <config key="Bin 6_minimum_nights [Binned]">
                <entry key="column_name" type="xstring" value="Bin 6_minimum_nights [Binned]"/>
                <entry key="column_scale" type="xdouble" value="1.0"/>
                <entry key="column_translate" type="xdouble" value="0.0"/>
                <entry key="column_min" type="xdouble" value="0.0"/>
                <entry key="column_max" type="xdouble" value="1.0"/>
            </config>
            <config key="Bin 7_minimum_nights [Binned]">
                <entry key="column_name" type="xstring" value="Bin 7_minimum_nights [Binned]"/>
                <entry key="column_scale" type="xdouble" value="1.0"/>
                <entry key="column_translate" type="xdouble" value="0.0"/>
                <entry key="column_min" type="xdouble" value="0.0"/>
                <entry key="column_max" type="xdouble" value="1.0"/>
            </config>
            <config key="Bin 8_minimum_nights [Binned]">
                <entry key="column_name" type="xstring" value="Bin 8_minimum_nights [Binned]"/>
                <entry key="column_scale" type="xdouble" value="1.0"/>
                <entry key="column_translate" type="xdouble" value="0.0"/>
                <entry key="column_min" type="xdouble" value="0.0"/>
                <entry key="column_max" type="xdouble" value="1.0"/>
            </config>
            <config key="Bin 9_minimum_nights [Binned]">
                <entry key="column_name" type="xstring" value="Bin 9_minimum_nights [Binned]"/>
                <entry key="column_scale" type="xdouble" value="1.0"/>
                <entry key="column_translate" type="xdouble" value="0.0"/>
                <entry key="column_min" type="xdouble" value="0.0"/>
                <entry key="column_max" type="xdouble" value="1.0"/>
            </config>
            <config key="Bin 10_minimum_nights [Binned]">
                <entry key="column_name" type="xstring" value="Bin 10_minimum_nights [Binned]"/>
                <entry key="column_scale" type="xdouble" value="1.0"/>
                <entry key="column_translate" type="xdouble" value="0.0"/>
                <entry key="column_min" type="xdouble" value="0.0"/>
                <entry key="column_max" type="xdouble" value="1.0"/>
            </config>
            <config key="Bin 11_minimum_nights [Binned]">
                <entry key="column_name" type="xstring" value="Bin 11_minimum_nights [Binned]"/>
                <entry key="column_scale" type="xdouble" value="1.0"/>
                <entry key="column_translate" type="xdouble" value="0.0"/>
                <entry key="column_min" type="xdouble" value="0.0"/>
                <entry key="column_max" type="xdouble" value="1.0"/>
            </config>
            <config key="Bin 1_number_of_reviews [Binned]">
                <entry key="column_name" type="xstring" value="Bin 1_number_of_reviews [Binned]"/>
                <entry key="column_scale" type="xdouble" value="1.0"/>
                <entry key="column_translate" type="xdouble" value="0.0"/>
                <entry key="column_min" type="xdouble" value="0.0"/>
                <entry key="column_max" type="xdouble" value="1.0"/>
            </config>
            <config key="Bin 2_number_of_reviews [Binned]">
                <entry key="column_name" type="xstring" value="Bin 2_number_of_reviews [Binned]"/>
                <entry key="column_scale" type="xdouble" value="1.0"/>
                <entry key="column_translate" type="xdouble" value="0.0"/>
                <entry key="column_min" type="xdouble" value="0.0"/>
                <entry key="column_max" type="xdouble" value="1.0"/>
            </config>
            <config key="Bin 3_number_of_reviews [Binned]">
                <entry key="column_name" type="xstring" value="Bin 3_number_of_reviews [Binned]"/>
                <entry key="column_scale" type="xdouble" value="1.0"/>
                <entry key="column_translate" type="xdouble" value="0.0"/>
                <entry key="column_min" type="xdouble" value="0.0"/>
                <entry key="column_max" type="xdouble" value="1.0"/>
            </config>
            <config key="Bin 4_number_of_reviews [Binned]">
                <entry key="column_name" type="xstring" value="Bin 4_number_of_reviews [Binned]"/>
                <entry key="column_scale" type="xdouble" value="1.0"/>
                <entry key="column_translate" type="xdouble" value="0.0"/>
                <entry key="column_min" type="xdouble" value="0.0"/>
                <entry key="column_max" type="xdouble" value="1.0"/>
            </config>
            <config key="Bin 5_number_of_reviews [Binned]">
                <entry key="column_name" type="xstring" value="Bin 5_number_of_reviews [Binned]"/>
                <entry key="column_scale" type="xdouble" value="1.0"/>
                <entry key="column_translate" type="xdouble" value="0.0"/>
                <entry key="column_min" type="xdouble" value="0.0"/>
                <entry key="column_max" type="xdouble" value="1.0"/>
            </config>
            <config key="Bin 6_number_of_reviews [Binned]">
                <entry key="column_name" type="xstring" value="Bin 6_number_of_reviews [Binned]"/>
                <entry key="column_scale" type="xdouble" value="1.0"/>
                <entry key="column_translate" type="xdouble" value="0.0"/>
                <entry key="column_min" type="xdouble" value="0.0"/>
                <entry key="column_max" type="xdouble" value="1.0"/>
            </config>
            <config key="Bin 7_number_of_reviews [Binned]">
                <entry key="column_name" type="xstring" value="Bin 7_number_of_reviews [Binned]"/>
                <entry key="column_scale" type="xdouble" value="1.0"/>
                <entry key="column_translate" type="xdouble" value="0.0"/>
                <entry key="column_min" type="xdouble" value="0.0"/>
                <entry key="column_max" type="xdouble" value="1.0"/>
            </config>
            <config key="Bin 8_number_of_reviews [Binned]">
                <entry key="column_name" type="xstring" value="Bin 8_number_of_reviews [Binned]"/>
                <entry key="column_scale" type="xdouble" value="1.0"/>
                <entry key="column_translate" type="xdouble" value="0.0"/>
                <entry key="column_min" type="xdouble" value="0.0"/>
                <entry key="column_max" type="xdouble" value="1.0"/>
            </config>
            <config key="Bin 9_number_of_reviews [Binned]">
                <entry key="column_name" type="xstring" value="Bin 9_number_of_reviews [Binned]"/>
                <entry key="column_scale" type="xdouble" value="1.0"/>
                <entry key="column_translate" type="xdouble" value="0.0"/>
                <entry key="column_min" type="xdouble" value="0.0"/>
                <entry key="column_max" type="xdouble" value="1.0"/>
            </config>
            <config key="Bin 10_number_of_reviews [Binned]">
                <entry key="column_name" type="xstring" value="Bin 10_number_of_reviews [Binned]"/>
                <entry key="column_scale" type="xdouble" value="1.0"/>
                <entry key="column_translate" type="xdouble" value="0.0"/>
                <entry key="column_min" type="xdouble" value="0.0"/>
                <entry key="column_max" type="xdouble" value="1.0"/>
            </config>
            <config key="Bin 11_number_of_reviews [Binned]">
                <entry key="column_name" type="xstring" value="Bin 11_number_of_reviews [Binned]"/>
                <entry key="column_scale" type="xdouble" value="1.0"/>
                <entry key="column_translate" type="xdouble" value="0.0"/>
                <entry key="column_min" type="xdouble" value="0.0"/>
                <entry key="column_max" type="xdouble" value="1.0"/>
            </config>
            <config key="Bin 1_reviews_per_month [Binned]">
                <entry key="column_name" type="xstring" value="Bin 1_reviews_per_month [Binned]"/>
                <entry key="column_scale" type="xdouble" value="1.0"/>
                <entry key="column_translate" type="xdouble" value="0.0"/>
                <entry key="column_min" type="xdouble" value="0.0"/>
                <entry key="column_max" type="xdouble" value="1.0"/>
            </config>
            <config key="Bin 2_reviews_per_month [Binned]">
                <entry key="column_name" type="xstring" value="Bin 2_reviews_per_month [Binned]"/>
                <entry key="column_scale" type="xdouble" value="1.0"/>
                <entry key="column_translate" type="xdouble" value="0.0"/>
                <entry key="column_min" type="xdouble" value="0.0"/>
                <entry key="column_max" type="xdouble" value="1.0"/>
            </config>
            <config key="Bin 3_reviews_per_month [Binned]">
                <entry key="column_name" type="xstring" value="Bin 3_reviews_per_month [Binned]"/>
                <entry key="column_scale" type="xdouble" value="1.0"/>
                <entry key="column_translate" type="xdouble" value="0.0"/>
                <entry key="column_min" type="xdouble" value="0.0"/>
                <entry key="column_max" type="xdouble" value="1.0"/>
            </config>
            <config key="Bin 4_reviews_per_month [Binned]">
                <entry key="column_name" type="xstring" value="Bin 4_reviews_per_month [Binned]"/>
                <entry key="column_scale" type="xdouble" value="1.0"/>
                <entry key="column_translate" type="xdouble" value="0.0"/>
                <entry key="column_min" type="xdouble" value="0.0"/>
                <entry key="column_max" type="xdouble" value="1.0"/>
            </config>
            <config key="Bin 5_reviews_per_month [Binned]">
                <entry key="column_name" type="xstring" value="Bin 5_reviews_per_month [Binned]"/>
                <entry key="column_scale" type="xdouble" value="1.0"/>
                <entry key="column_translate" type="xdouble" value="0.0"/>
                <entry key="column_min" type="xdouble" value="0.0"/>
                <entry key="column_max" type="xdouble" value="1.0"/>
            </config>
            <config key="Bin 6_reviews_per_month [Binned]">
                <entry key="column_name" type="xstring" value="Bin 6_reviews_per_month [Binned]"/>
                <entry key="column_scale" type="xdouble" value="1.0"/>
                <entry key="column_translate" type="xdouble" value="0.0"/>
                <entry key="column_min" type="xdouble" value="0.0"/>
                <entry key="column_max" type="xdouble" value="1.0"/>
            </config>
            <config key="Bin 7_reviews_per_month [Binned]">
                <entry key="column_name" type="xstring" value="Bin 7_reviews_per_month [Binned]"/>
                <entry key="column_scale" type="xdouble" value="1.0"/>
                <entry key="column_translate" type="xdouble" value="0.0"/>
                <entry key="column_min" type="xdouble" value="0.0"/>
                <entry key="column_max" type="xdouble" value="1.0"/>
            </config>
            <config key="Bin 8_reviews_per_month [Binned]">
                <entry key="column_name" type="xstring" value="Bin 8_reviews_per_month [Binned]"/>
                <entry key="column_scale" type="xdouble" value="1.0"/>
                <entry key="column_translate" type="xdouble" value="0.0"/>
                <entry key="column_min" type="xdouble" value="0.0"/>
                <entry key="column_max" type="xdouble" value="1.0"/>
            </config>
            <config key="Bin 9_reviews_per_month [Binned]">
                <entry key="column_name" type="xstring" value="Bin 9_reviews_per_month [Binned]"/>
                <entry key="column_scale" type="xdouble" value="1.0"/>
                <entry key="column_translate" type="xdouble" value="0.0"/>
                <entry key="column_min" type="xdouble" value="0.0"/>
                <entry key="column_max" type="xdouble" value="1.0"/>
            </config>
            <config key="Bin 10_reviews_per_month [Binned]">
                <entry key="column_name" type="xstring" value="Bin 10_reviews_per_month [Binned]"/>
                <entry key="column_scale" type="xdouble" value="1.0"/>
                <entry key="column_translate" type="xdouble" value="0.0"/>
                <entry key="column_min" type="xdouble" value="0.0"/>
                <entry key="column_max" type="xdouble" value="1.0"/>
            </config>
            <config key="Bin 11_reviews_per_month [Binned]">
                <entry key="column_name" type="xstring" value="Bin 11_reviews_per_month [Binned]"/>
                <entry key="column_scale" type="xdouble" value="1.0"/>
                <entry key="column_translate" type="xdouble" value="0.0"/>
                <entry key="column_min" type="xdouble" value="0.0"/>
                <entry key="column_max" type="xdouble" value="1.0"/>
            </config>
            <config key="Bin 1_calculated_host_listings_count [Binned]">
                <entry key="column_name" type="xstring" value="Bin 1_calculated_host_listings_count [Binned]"/>
                <entry key="column_scale" type="xdouble" value="1.0"/>
                <entry key="column_translate" type="xdouble" value="0.0"/>
                <entry key="column_min" type="xdouble" value="0.0"/>
                <entry key="column_max" type="xdouble" value="1.0"/>
            </config>
            <config key="Bin 2_calculated_host_listings_count [Binned]">
                <entry key="column_name" type="xstring" value="Bin 2_calculated_host_listings_count [Binned]"/>
                <entry key="column_scale" type="xdouble" value="1.0"/>
                <entry key="column_translate" type="xdouble" value="0.0"/>
                <entry key="column_min" type="xdouble" value="0.0"/>
                <entry key="column_max" type="xdouble" value="1.0"/>
            </config>
            <config key="Bin 3_calculated_host_listings_count [Binned]">
                <entry key="column_name" type="xstring" value="Bin 3_calculated_host_listings_count [Binned]"/>
                <entry key="column_scale" type="xdouble" value="1.0"/>
                <entry key="column_translate" type="xdouble" value="0.0"/>
                <entry key="column_min" type="xdouble" value="0.0"/>
                <entry key="column_max" type="xdouble" value="1.0"/>
            </config>
            <config key="Bin 4_calculated_host_listings_count [Binned]">
                <entry key="column_name" type="xstring" value="Bin 4_calculated_host_listings_count [Binned]"/>
                <entry key="column_scale" type="xdouble" value="1.0"/>
                <entry key="column_translate" type="xdouble" value="0.0"/>
                <entry key="column_min" type="xdouble" value="0.0"/>
                <entry key="column_max" type="xdouble" value="1.0"/>
            </config>
            <config key="Bin 5_calculated_host_listings_count [Binned]">
                <entry key="column_name" type="xstring" value="Bin 5_calculated_host_listings_count [Binned]"/>
                <entry key="column_scale" type="xdouble" value="1.0"/>
                <entry key="column_translate" type="xdouble" value="0.0"/>
                <entry key="column_min" type="xdouble" value="0.0"/>
                <entry key="column_max" type="xdouble" value="1.0"/>
            </config>
            <config key="Bin 6_calculated_host_listings_count [Binned]">
                <entry key="column_name" type="xstring" value="Bin 6_calculated_host_listings_count [Binned]"/>
                <entry key="column_scale" type="xdouble" value="1.0"/>
                <entry key="column_translate" type="xdouble" value="0.0"/>
                <entry key="column_min" type="xdouble" value="0.0"/>
                <entry key="column_max" type="xdouble" value="1.0"/>
            </config>
            <config key="Bin 7_calculated_host_listings_count [Binned]">
                <entry key="column_name" type="xstring" value="Bin 7_calculated_host_listings_count [Binned]"/>
                <entry key="column_scale" type="xdouble" value="1.0"/>
                <entry key="column_translate" type="xdouble" value="0.0"/>
                <entry key="column_min" type="xdouble" value="0.0"/>
                <entry key="column_max" type="xdouble" value="1.0"/>
            </config>
            <config key="Bin 8_calculated_host_listings_count [Binned]">
                <entry key="column_name" type="xstring" value="Bin 8_calculated_host_listings_count [Binned]"/>
                <entry key="column_scale" type="xdouble" value="1.0"/>
                <entry key="column_translate" type="xdouble" value="0.0"/>
                <entry key="column_min" type="xdouble" value="0.0"/>
                <entry key="column_max" type="xdouble" value="1.0"/>
            </config>
            <config key="Bin 9_calculated_host_listings_count [Binned]">
                <entry key="column_name" type="xstring" value="Bin 9_calculated_host_listings_count [Binned]"/>
                <entry key="column_scale" type="xdouble" value="1.0"/>
                <entry key="column_translate" type="xdouble" value="0.0"/>
                <entry key="column_min" type="xdouble" value="0.0"/>
                <entry key="column_max" type="xdouble" value="1.0"/>
            </config>
            <config key="Bin 10_calculated_host_listings_count [Binned]">
                <entry key="column_name" type="xstring" value="Bin 10_calculated_host_listings_count [Binned]"/>
                <entry key="column_scale" type="xdouble" value="1.0"/>
                <entry key="column_translate" type="xdouble" value="0.0"/>
                <entry key="column_min" type="xdouble" value="0.0"/>
                <entry key="column_max" type="xdouble" value="1.0"/>
            </config>
            <config key="Bin 11_calculated_host_listings_count [Binned]">
                <entry key="column_name" type="xstring" value="Bin 11_calculated_host_listings_count [Binned]"/>
                <entry key="column_scale" type="xdouble" value="1.0"/>
                <entry key="column_translate" type="xdouble" value="0.0"/>
                <entry key="column_min" type="xdouble" value="0.0"/>
                <entry key="column_max" type="xdouble" value="1.0"/>
            </config>
            <config key="Bin 1_availability_365 [Binned]">
                <entry key="column_name" type="xstring" value="Bin 1_availability_365 [Binned]"/>
                <entry key="column_scale" type="xdouble" value="1.0"/>
                <entry key="column_translate" type="xdouble" value="0.0"/>
                <entry key="column_min" type="xdouble" value="0.0"/>
                <entry key="column_max" type="xdouble" value="1.0"/>
            </config>
            <config key="Bin 2_availability_365 [Binned]">
                <entry key="column_name" type="xstring" value="Bin 2_availability_365 [Binned]"/>
                <entry key="column_scale" type="xdouble" value="1.0"/>
                <entry key="column_translate" type="xdouble" value="0.0"/>
                <entry key="column_min" type="xdouble" value="0.0"/>
                <entry key="column_max" type="xdouble" value="1.0"/>
            </config>
            <config key="Bin 3_availability_365 [Binned]">
                <entry key="column_name" type="xstring" value="Bin 3_availability_365 [Binned]"/>
                <entry key="column_scale" type="xdouble" value="1.0"/>
                <entry key="column_translate" type="xdouble" value="0.0"/>
                <entry key="column_min" type="xdouble" value="0.0"/>
                <entry key="column_max" type="xdouble" value="1.0"/>
            </config>
            <config key="Bin 4_availability_365 [Binned]">
                <entry key="column_name" type="xstring" value="Bin 4_availability_365 [Binned]"/>
                <entry key="column_scale" type="xdouble" value="1.0"/>
                <entry key="column_translate" type="xdouble" value="0.0"/>
                <entry key="column_min" type="xdouble" value="0.0"/>
                <entry key="column_max" type="xdouble" value="1.0"/>
            </config>
            <config key="Bin 5_availability_365 [Binned]">
                <entry key="column_name" type="xstring" value="Bin 5_availability_365 [Binned]"/>
                <entry key="column_scale" type="xdouble" value="1.0"/>
                <entry key="column_translate" type="xdouble" value="0.0"/>
                <entry key="column_min" type="xdouble" value="0.0"/>
                <entry key="column_max" type="xdouble" value="1.0"/>
            </config>
            <config key="Bin 6_availability_365 [Binned]">
                <entry key="column_name" type="xstring" value="Bin 6_availability_365 [Binned]"/>
                <entry key="column_scale" type="xdouble" value="1.0"/>
                <entry key="column_translate" type="xdouble" value="0.0"/>
                <entry key="column_min" type="xdouble" value="0.0"/>
                <entry key="column_max" type="xdouble" value="1.0"/>
            </config>
            <config key="Bin 7_availability_365 [Binned]">
                <entry key="column_name" type="xstring" value="Bin 7_availability_365 [Binned]"/>
                <entry key="column_scale" type="xdouble" value="1.0"/>
                <entry key="column_translate" type="xdouble" value="0.0"/>
                <entry key="column_min" type="xdouble" value="0.0"/>
                <entry key="column_max" type="xdouble" value="1.0"/>
            </config>
            <config key="Bin 8_availability_365 [Binned]">
                <entry key="column_name" type="xstring" value="Bin 8_availability_365 [Binned]"/>
                <entry key="column_scale" type="xdouble" value="1.0"/>
                <entry key="column_translate" type="xdouble" value="0.0"/>
                <entry key="column_min" type="xdouble" value="0.0"/>
                <entry key="column_max" type="xdouble" value="1.0"/>
            </config>
            <config key="Bin 9_availability_365 [Binned]">
                <entry key="column_name" type="xstring" value="Bin 9_availability_365 [Binned]"/>
                <entry key="column_scale" type="xdouble" value="1.0"/>
                <entry key="column_translate" type="xdouble" value="0.0"/>
                <entry key="column_min" type="xdouble" value="0.0"/>
                <entry key="column_max" type="xdouble" value="1.0"/>
            </config>
            <config key="Bin 10_availability_365 [Binned]">
                <entry key="column_name" type="xstring" value="Bin 10_availability_365 [Binned]"/>
                <entry key="column_scale" type="xdouble" value="1.0"/>
                <entry key="column_translate" type="xdouble" value="0.0"/>
                <entry key="column_min" type="xdouble" value="0.0"/>
                <entry key="column_max" type="xdouble" value="1.0"/>
            </config>
            <config key="Bin 11_availability_365 [Binned]">
                <entry key="column_name" type="xstring" value="Bin 11_availability_365 [Binned]"/>
                <entry key="column_scale" type="xdouble" value="1.0"/>
                <entry key="column_translate" type="xdouble" value="0.0"/>
                <entry key="column_min" type="xdouble" value="0.0"/>
                <entry key="column_max" type="xdouble" value="1.0"/>
            </config>
        </config>
        <entry key="summary" type="xstring" value="Min/Max (0.0, 1) normalization on 71 column(s)"/>
    </config>
</config>
