<?xml version="1.0" encoding="UTF-8"?>
<config xmlns="http://www.knime.org/2008/09/XMLConfig" xmlns:xsi="http://www.w3.org/2001/XMLSchema-instance" xsi:schemaLocation="http://www.knime.org/2008/09/XMLConfig http://www.knime.org/XMLConfig_2008_09.xsd" key="model.xml">
    <entry key="version" type="xint" value="1"/>
    <entry key="class_name" type="xstring" value="org.knime.base.data.normalize.NormalizerPortObject"/>
    <config key="model">
        <config key="columns">
            <config key="Age">
                <entry key="column_name" type="xstring" value="Age"/>
                <entry key="column_scale" type="xdouble" value="0.0136986301369863"/>
                <entry key="column_translate" type="xdouble" value="-0.2328767123287671"/>
                <entry key="column_min" type="xdouble" value="0.0"/>
                <entry key="column_max" type="xdouble" value="1.0"/>
            </config>
            <config key="Hours-per-Week">
                <entry key="column_name" type="xstring" value="Hours-per-Week"/>
                <entry key="column_scale" type="xdouble" value="0.05263157894736842"/>
                <entry key="column_translate" type="xdouble" value="-1.7368421052631577"/>
                <entry key="column_min" type="xdouble" value="0.0"/>
                <entry key="column_max" type="xdouble" value="1.0"/>
            </config>
        </config>
        <entry key="summary" type="xstring" value="Min/Max (0.0, 1) normalization on 2 column(s)"/>
    </config>
</config>
