<?xml version="1.0" encoding="UTF-8"?>
<config xmlns="http://www.knime.org/2008/09/XMLConfig" xmlns:xsi="http://www.w3.org/2001/XMLSchema-instance" xsi:schemaLocation="http://www.knime.org/2008/09/XMLConfig http://www.knime.org/XMLConfig_2008_09.xsd" key="model.xml">
    <entry key="version" type="xint" value="1"/>
    <entry key="class_name" type="xstring" value="org.knime.base.data.normalize.NormalizerPortObject"/>
    <config key="model">
        <config key="columns">
            <config key="fixed acidity">
                <entry key="column_name" type="xstring" value="fixed acidity"/>
                <entry key="column_scale" type="xdouble" value="0.14492753623188406"/>
                <entry key="column_translate" type="xdouble" value="-0.5217391304347826"/>
                <entry key="column_min" type="xdouble" value="0.0"/>
                <entry key="column_max" type="xdouble" value="1.0"/>
            </config>
            <config key="volatile acidity">
                <entry key="column_name" type="xstring" value="volatile acidity"/>
                <entry key="column_scale" type="xdouble" value="1.1494252873563218"/>
                <entry key="column_translate" type="xdouble" value="-0.10344827586206895"/>
                <entry key="column_min" type="xdouble" value="0.0"/>
                <entry key="column_max" type="xdouble" value="1.0"/>
            </config>
            <config key="citric acid">
                <entry key="column_name" type="xstring" value="citric acid"/>
                <entry key="column_scale" type="xdouble" value="0.8130081300813008"/>
                <entry key="column_translate" type="xdouble" value="0.008130081300813007"/>
                <entry key="column_min" type="xdouble" value="0.0"/>
                <entry key="column_max" type="xdouble" value="1.0"/>
            </config>
            <config key="residual sugar">
                <entry key="column_name" type="xstring" value="residual sugar"/>
                <entry key="column_scale" type="xdouble" value="0.015365703749231711"/>
                <entry key="column_translate" type="xdouble" value="-0.009219422249539026"/>
                <entry key="column_min" type="xdouble" value="0.0"/>
                <entry key="column_max" type="xdouble" value="1.0"/>
            </config>
            <config key="chlorides">
                <entry key="column_name" type="xstring" value="chlorides"/>
                <entry key="column_scale" type="xdouble" value="2.985074626865672"/>
                <entry key="column_translate" type="xdouble" value="-0.03880597014925373"/>
                <entry key="column_min" type="xdouble" value="0.0"/>
                <entry key="column_max" type="xdouble" value="1.0"/>
            </config>
            <config key="free sulfur dioxide">
                <entry key="column_name" type="xstring" value="free sulfur dioxide"/>
                <entry key="column_scale" type="xdouble" value="0.006944444444444444"/>
                <entry key="column_translate" type="xdouble" value="-0.006944444444444444"/>
                <entry key="column_min" type="xdouble" value="0.0"/>
                <entry key="column_max" type="xdouble" value="1.0"/>
            </config>
            <config key="total sulfur dioxide">
                <entry key="column_name" type="xstring" value="total sulfur dioxide"/>
                <entry key="column_scale" type="xdouble" value="0.0035714285714285713"/>
                <entry key="column_translate" type="xdouble" value="-0.075"/>
                <entry key="column_min" type="xdouble" value="0.0"/>
                <entry key="column_max" type="xdouble" value="1.0"/>
            </config>
            <config key="density">
                <entry key="column_name" type="xstring" value="density"/>
                <entry key="column_scale" type="xdouble" value="9.31966449207828"/>
                <entry key="column_translate" type="xdouble" value="-8.763280521901207"/>
                <entry key="column_min" type="xdouble" value="0.0"/>
                <entry key="column_max" type="xdouble" value="1.0"/>
            </config>
            <config key="pH">
                <entry key="column_name" type="xstring" value="pH"/>
                <entry key="column_scale" type="xdouble" value="0.8620689655172417"/>
                <entry key="column_translate" type="xdouble" value="-2.3275862068965525"/>
                <entry key="column_min" type="xdouble" value="0.0"/>
                <entry key="column_max" type="xdouble" value="1.0"/>
            </config>
            <config key="sulphates">
                <entry key="column_name" type="xstring" value="sulphates"/>
                <entry key="column_scale" type="xdouble" value="1.1627906976744184"/>
                <entry key="column_translate" type="xdouble" value="-0.25581395348837205"/>
                <entry key="column_min" type="xdouble" value="0.0"/>
                <entry key="column_max" type="xdouble" value="1.0"/>
            </config>
            <config key="alcohol">
                <entry key="column_name" type="xstring" value="alcohol"/>
                <entry key="column_scale" type="xdouble" value="0.16666666666666666"/>
                <entry key="column_translate" type="xdouble" value="-1.3499999999999999"/>
                <entry key="column_min" type="xdouble" value="0.0"/>
                <entry key="column_max" type="xdouble" value="1.0"/>
            </config>
        </config>
        <entry key="summary" type="xstring" value="Min/Max (0.0, 1) normalization on 11 column(s)"/>
    </config>
</config>
