<?xml version="1.0" encoding="UTF-8"?>
<config xmlns="http://www.knime.org/2008/09/XMLConfig" xmlns:xsi="http://www.w3.org/2001/XMLSchema-instance" xsi:schemaLocation="http://www.knime.org/2008/09/XMLConfig http://www.knime.org/XMLConfig_2008_09.xsd" key="MiningSchema">
    <config key="learning">
        <entry key="array-size" type="xint" value="12"/>
        <entry key="0" type="xstring" value="person_gender"/>
        <entry key="1" type="xstring" value="person_education"/>
        <entry key="2" type="xstring" value="person_income"/>
        <entry key="3" type="xstring" value="person_emp_exp"/>
        <entry key="4" type="xstring" value="person_home_ownership"/>
        <entry key="5" type="xstring" value="loan_amnt"/>
        <entry key="6" type="xstring" value="loan_intent"/>
        <entry key="7" type="xstring" value="loan_int_rate"/>
        <entry key="8" type="xstring" value="loan_percent_income"/>
        <entry key="9" type="xstring" value="cb_person_cred_hist_length"/>
        <entry key="10" type="xstring" value="credit_score"/>
        <entry key="11" type="xstring" value="previous_loan_defaults_on_file"/>
    </config>
    <config key="target">
        <entry key="array-size" type="xint" value="1"/>
        <entry key="0" type="xstring" value="loan_status"/>
    </config>
</config>
