<?xml version="1.0" encoding="UTF-8"?>
<config xmlns="http://www.knime.org/2008/09/XMLConfig" xmlns:xsi="http://www.w3.org/2001/XMLSchema-instance" xsi:schemaLocation="http://www.knime.org/2008/09/XMLConfig http://www.knime.org/XMLConfig_2008_09.xsd" key="MiningSchema">
    <config key="learning">
        <entry key="array-size" type="xint" value="15"/>
        <entry key="0" type="xstring" value="host_id"/>
        <entry key="1" type="xstring" value="neighbourhood_group"/>
        <entry key="2" type="xstring" value="latitude"/>
        <entry key="3" type="xstring" value="longitude"/>
        <entry key="4" type="xstring" value="room_type"/>
        <entry key="5" type="xstring" value="minimum_nights"/>
        <entry key="6" type="xstring" value="number_of_reviews"/>
        <entry key="7" type="xstring" value="reviews_per_month"/>
        <entry key="8" type="xstring" value="calculated_host_listings_count"/>
        <entry key="9" type="xstring" value="availability_365"/>
        <entry key="10" type="xstring" value="minimum_nights [Binned]"/>
        <entry key="11" type="xstring" value="number_of_reviews [Binned]"/>
        <entry key="12" type="xstring" value="reviews_per_month [Binned]"/>
        <entry key="13" type="xstring" value="calculated_host_listings_count [Binned]"/>
        <entry key="14" type="xstring" value="availability_365 [Binned]"/>
    </config>
    <config key="target">
        <entry key="array-size" type="xint" value="1"/>
        <entry key="0" type="xstring" value="price"/>
    </config>
</config>
