<?xml version="1.0" encoding="UTF-8"?>
<config xmlns="http://www.knime.org/2008/09/XMLConfig" xmlns:xsi="http://www.w3.org/2001/XMLSchema-instance" xsi:schemaLocation="http://www.knime.org/2008/09/XMLConfig http://www.knime.org/XMLConfig_2008_09.xsd" key="model.xml">
    <entry key="version" type="xint" value="1"/>
    <entry key="class_name" type="xstring" value="org.knime.base.data.normalize.NormalizerPortObject"/>
    <config key="model">
        <config key="columns">
            <config key="fixed acidity">
                <entry key="column_name" type="xstring" value="fixed acidity"/>
                <entry key="column_scale" type="xdouble" value="0.0900900900900901"/>
                <entry key="column_translate" type="xdouble" value="-0.4144144144144144"/>
                <entry key="column_min" type="xdouble" value="0.0"/>
                <entry key="column_max" type="xdouble" value="1.0"/>
            </config>
            <config key="volatile acidity">
                <entry key="column_name" type="xstring" value="volatile acidity"/>
                <entry key="column_scale" type="xdouble" value="0.819672131147541"/>
                <entry key="column_translate" type="xdouble" value="-0.09016393442622951"/>
                <entry key="column_min" type="xdouble" value="0.0"/>
                <entry key="column_max" type="xdouble" value="1.0"/>
            </config>
            <config key="citric acid">
                <entry key="column_name" type="xstring" value="citric acid"/>
                <entry key="column_scale" type="xdouble" value="1.2658227848101264"/>
                <entry key="column_translate" type="xdouble" value="0.012658227848101264"/>
                <entry key="column_min" type="xdouble" value="0.0"/>
                <entry key="column_max" type="xdouble" value="1.0"/>
            </config>
            <config key="residual sugar">
                <entry key="column_name" type="xstring" value="residual sugar"/>
                <entry key="column_scale" type="xdouble" value="0.06891798759476224"/>
                <entry key="column_translate" type="xdouble" value="-0.057201929703652656"/>
                <entry key="column_min" type="xdouble" value="0.0"/>
                <entry key="column_max" type="xdouble" value="1.0"/>
            </config>
            <config key="chlorides">
                <entry key="column_name" type="xstring" value="chlorides"/>
                <entry key="column_scale" type="xdouble" value="2.1978021978021975"/>
                <entry key="column_translate" type="xdouble" value="-0.019780219780219776"/>
                <entry key="column_min" type="xdouble" value="0.0"/>
                <entry key="column_max" type="xdouble" value="1.0"/>
            </config>
            <config key="free sulfur dioxide">
                <entry key="column_name" type="xstring" value="free sulfur dioxide"/>
                <entry key="column_scale" type="xdouble" value="0.018518518518518517"/>
                <entry key="column_translate" type="xdouble" value="-0.018518518518518517"/>
                <entry key="column_min" type="xdouble" value="0.0"/>
                <entry key="column_max" type="xdouble" value="1.0"/>
            </config>
            <config key="total sulfur dioxide">
                <entry key="column_name" type="xstring" value="total sulfur dioxide"/>
                <entry key="column_scale" type="xdouble" value="0.003663003663003663"/>
                <entry key="column_translate" type="xdouble" value="-0.02564102564102564"/>
                <entry key="column_min" type="xdouble" value="0.0"/>
                <entry key="column_max" type="xdouble" value="1.0"/>
            </config>
            <config key="density">
                <entry key="column_name" type="xstring" value="density"/>
                <entry key="column_scale" type="xdouble" value="9.606147934678187"/>
                <entry key="column_translate" type="xdouble" value="-9.087415946205565"/>
                <entry key="column_min" type="xdouble" value="0.0"/>
                <entry key="column_max" type="xdouble" value="1.0"/>
            </config>
            <config key="pH">
                <entry key="column_name" type="xstring" value="pH"/>
                <entry key="column_scale" type="xdouble" value="0.8064516129032256"/>
                <entry key="column_translate" type="xdouble" value="-2.2499999999999996"/>
                <entry key="column_min" type="xdouble" value="0.0"/>
                <entry key="column_max" type="xdouble" value="1.0"/>
            </config>
            <config key="sulphates">
                <entry key="column_name" type="xstring" value="sulphates"/>
                <entry key="column_scale" type="xdouble" value="0.6369426751592357"/>
                <entry key="column_translate" type="xdouble" value="-0.23566878980891723"/>
                <entry key="column_min" type="xdouble" value="0.0"/>
                <entry key="column_max" type="xdouble" value="1.0"/>
            </config>
            <config key="alcohol">
                <entry key="column_name" type="xstring" value="alcohol"/>
                <entry key="column_scale" type="xdouble" value="0.18518518518518517"/>
                <entry key="column_translate" type="xdouble" value="-1.574074074074074"/>
                <entry key="column_min" type="xdouble" value="0.0"/>
                <entry key="column_max" type="xdouble" value="1.0"/>
            </config>
        </config>
        <entry key="summary" type="xstring" value="Min/Max (0.0, 1) normalization on 11 column(s)"/>
    </config>
</config>
