<?xml version="1.0" encoding="UTF-8"?>
<config xmlns="http://www.knime.org/2008/09/XMLConfig" xmlns:xsi="http://www.w3.org/2001/XMLSchema-instance" xsi:schemaLocation="http://www.knime.org/2008/09/XMLConfig http://www.knime.org/XMLConfig_2008_09.xsd" key="MiningSchema">
    <config key="learning">
        <entry key="array-size" type="xint" value="15"/>
        <entry key="0" type="xstring" value="latitude"/>
        <entry key="1" type="xstring" value="longitude"/>
        <entry key="2" type="xstring" value="minimum_nights"/>
        <entry key="3" type="xstring" value="number_of_reviews"/>
        <entry key="4" type="xstring" value="reviews_per_month"/>
        <entry key="5" type="xstring" value="calculated_host_listings_count"/>
        <entry key="6" type="xstring" value="availability_365"/>
        <entry key="7" type="xstring" value="Brooklyn"/>
        <entry key="8" type="xstring" value="Manhattan"/>
        <entry key="9" type="xstring" value="Queens"/>
        <entry key="10" type="xstring" value="Staten Island"/>
        <entry key="11" type="xstring" value="Bronx"/>
        <entry key="12" type="xstring" value="Private room"/>
        <entry key="13" type="xstring" value="Entire home/apt"/>
        <entry key="14" type="xstring" value="Shared room"/>
    </config>
    <config key="target">
        <entry key="array-size" type="xint" value="1"/>
        <entry key="0" type="xstring" value="price"/>
    </config>
</config>
