<?xml version="1.0" encoding="UTF-8"?>
<config xmlns="http://www.knime.org/2008/09/XMLConfig" xmlns:xsi="http://www.w3.org/2001/XMLSchema-instance" xsi:schemaLocation="http://www.knime.org/2008/09/XMLConfig http://www.knime.org/XMLConfig_2008_09.xsd" key="MiningSchema">
    <config key="learning">
        <entry key="array-size" type="xint" value="10"/>
        <entry key="0" type="xstring" value="fixed acidity"/>
        <entry key="1" type="xstring" value="volatile acidity"/>
        <entry key="2" type="xstring" value="citric acid"/>
        <entry key="3" type="xstring" value="residual sugar"/>
        <entry key="4" type="xstring" value="chlorides"/>
        <entry key="5" type="xstring" value="density"/>
        <entry key="6" type="xstring" value="pH"/>
        <entry key="7" type="xstring" value="sulphates"/>
        <entry key="8" type="xstring" value="alcohol"/>
        <entry key="9" type="xstring" value="quality_bin"/>
    </config>
    <config key="target">
        <entry key="array-size" type="xint" value="1"/>
        <entry key="0" type="xstring" value="quality1_10"/>
    </config>
</config>
