<?xml version="1.0" encoding="UTF-8"?>
<config xmlns="http://www.knime.org/2008/09/XMLConfig" xmlns:xsi="http://www.w3.org/2001/XMLSchema-instance" xsi:schemaLocation="http://www.knime.org/2008/09/XMLConfig http://www.knime.org/XMLConfig_2008_09.xsd" key="model.xml">
    <entry key="version" type="xint" value="1"/>
    <entry key="class_name" type="xstring" value="org.knime.base.data.normalize.NormalizerPortObject"/>
    <config key="model">
        <config key="columns">
            <config key="person_emp_exp">
                <entry key="column_name" type="xstring" value="person_emp_exp"/>
                <entry key="column_scale" type="xdouble" value="0.047619047619047616"/>
                <entry key="column_translate" type="xdouble" value="0.0"/>
                <entry key="column_min" type="xdouble" value="0.0"/>
                <entry key="column_max" type="xdouble" value="1.0"/>
            </config>
            <config key="loan_amnt">
                <entry key="column_name" type="xstring" value="loan_amnt"/>
                <entry key="column_scale" type="xdouble" value="2.857142857142857E-5"/>
                <entry key="column_translate" type="xdouble" value="0.0"/>
                <entry key="column_min" type="xdouble" value="0.0"/>
                <entry key="column_max" type="xdouble" value="1.0"/>
            </config>
            <config key="loan_int_rate">
                <entry key="column_name" type="xstring" value="loan_int_rate"/>
                <entry key="column_scale" type="xdouble" value="0.06858710562414266"/>
                <entry key="column_translate" type="xdouble" value="-0.3717421124828532"/>
                <entry key="column_min" type="xdouble" value="0.0"/>
                <entry key="column_max" type="xdouble" value="1.0"/>
            </config>
            <config key="loan_percent_income">
                <entry key="column_name" type="xstring" value="loan_percent_income"/>
                <entry key="column_scale" type="xdouble" value="0.4071765120530071"/>
                <entry key="column_translate" type="xdouble" value="-0.004071765120530071"/>
                <entry key="column_min" type="xdouble" value="0.0"/>
                <entry key="column_max" type="xdouble" value="1.0"/>
            </config>
            <config key="credit_score">
                <entry key="column_name" type="xstring" value="credit_score"/>
                <entry key="column_scale" type="xdouble" value="0.002688172043010753"/>
                <entry key="column_translate" type="xdouble" value="-1.0483870967741937"/>
                <entry key="column_min" type="xdouble" value="0.0"/>
                <entry key="column_max" type="xdouble" value="1.0"/>
            </config>
        </config>
        <entry key="summary" type="xstring" value="Min/Max (0.0, 1) normalization on 5 column(s)"/>
    </config>
</config>
