<?xml version="1.0" encoding="UTF-8"?>
<config xmlns="http://www.knime.org/2008/09/XMLConfig" xmlns:xsi="http://www.w3.org/2001/XMLSchema-instance" xsi:schemaLocation="http://www.knime.org/2008/09/XMLConfig http://www.knime.org/XMLConfig_2008_09.xsd" key="model.xml">
    <entry key="version" type="xint" value="1"/>
    <entry key="class_name" type="xstring" value="org.knime.base.data.normalize.NormalizerPortObject"/>
    <config key="model">
        <config key="columns">
            <config key="fixed acidity">
                <entry key="column_name" type="xstring" value="fixed acidity"/>
                <entry key="column_scale" type="xdouble" value="0.09433962264150944"/>
                <entry key="column_translate" type="xdouble" value="-0.339622641509434"/>
                <entry key="column_min" type="xdouble" value="0.0"/>
                <entry key="column_max" type="xdouble" value="1.0"/>
            </config>
            <config key="volatile acidity">
                <entry key="column_name" type="xstring" value="volatile acidity"/>
                <entry key="column_scale" type="xdouble" value="0.9803921568627451"/>
                <entry key="column_translate" type="xdouble" value="-0.0784313725490196"/>
                <entry key="column_min" type="xdouble" value="0.0"/>
                <entry key="column_max" type="xdouble" value="1.0"/>
            </config>
            <config key="citric acid">
                <entry key="column_name" type="xstring" value="citric acid"/>
                <entry key="column_scale" type="xdouble" value="0.5988023952095809"/>
                <entry key="column_translate" type="xdouble" value="0.005988023952095809"/>
                <entry key="column_min" type="xdouble" value="0.0"/>
                <entry key="column_max" type="xdouble" value="1.0"/>
            </config>
            <config key="residual sugar">
                <entry key="column_name" type="xstring" value="residual sugar"/>
                <entry key="column_scale" type="xdouble" value="0.015337423312883436"/>
                <entry key="column_translate" type="xdouble" value="-0.00920245398773006"/>
                <entry key="column_min" type="xdouble" value="0.0"/>
                <entry key="column_max" type="xdouble" value="1.0"/>
            </config>
            <config key="chlorides">
                <entry key="column_name" type="xstring" value="chlorides"/>
                <entry key="column_scale" type="xdouble" value="2.9498525073746316"/>
                <entry key="column_translate" type="xdouble" value="-0.02654867256637168"/>
                <entry key="column_min" type="xdouble" value="0.0"/>
                <entry key="column_max" type="xdouble" value="1.0"/>
            </config>
            <config key="density">
                <entry key="column_name" type="xstring" value="density"/>
                <entry key="column_scale" type="xdouble" value="9.31966449207828"/>
                <entry key="column_translate" type="xdouble" value="-8.763280521901207"/>
                <entry key="column_min" type="xdouble" value="0.0"/>
                <entry key="column_max" type="xdouble" value="1.0"/>
            </config>
            <config key="pH">
                <entry key="column_name" type="xstring" value="pH"/>
                <entry key="column_scale" type="xdouble" value="0.8620689655172417"/>
                <entry key="column_translate" type="xdouble" value="-2.3275862068965525"/>
                <entry key="column_min" type="xdouble" value="0.0"/>
                <entry key="column_max" type="xdouble" value="1.0"/>
            </config>
            <config key="sulphates">
                <entry key="column_name" type="xstring" value="sulphates"/>
                <entry key="column_scale" type="xdouble" value="1.1627906976744184"/>
                <entry key="column_translate" type="xdouble" value="-0.25581395348837205"/>
                <entry key="column_min" type="xdouble" value="0.0"/>
                <entry key="column_max" type="xdouble" value="1.0"/>
            </config>
            <config key="alcohol">
                <entry key="column_name" type="xstring" value="alcohol"/>
                <entry key="column_scale" type="xdouble" value="0.16129032258064518"/>
                <entry key="column_translate" type="xdouble" value="-1.2903225806451615"/>
                <entry key="column_min" type="xdouble" value="0.0"/>
                <entry key="column_max" type="xdouble" value="1.0"/>
            </config>
        </config>
        <entry key="summary" type="xstring" value="Min/Max (0.0, 1) normalization on 9 column(s)"/>
    </config>
</config>
